Latitude,Longitude,Diameter(m),Depth(m),Confidence
-85.0343191,25.6618467,9.0,4.349999999999999,0.7222921848297119
-85.0346396,25.6530826,8.7,4.199999999999999,0.7127380967140198
-85.0329143,25.6754696,9.299999999999999,4.799999999999999,0.6426379084587097
-85.0401841,25.6501801,10.2,4.949999999999999,0.6318233013153076
-85.0355261,25.6784129,6.3,2.9999999999999996,0.6245224475860596
-85.0383358,25.6511478,8.4,4.199999999999999,0.5917332172393799
-85.0349599,25.6443176,6.3,3.1499999999999995,0.5824258327484131
-85.038581,25.6940381,19.2,8.999999999999998,0.4624517261981964
-85.0341208,25.6920366,15.6,6.899999999999999,0.447192519903183
-85.0317077,25.6589069,12.0,5.999999999999999,0.44140756130218506
-85.0329143,25.6754696,5.7,2.9999999999999996,0.43856489658355713
-85.0376177,25.7203421,8.1,4.049999999999999,0.4359515607357025
-85.0395432,25.667726,5.7,2.9999999999999996,0.42955008149147034
-85.0307458,25.6851811,6.6,3.1499999999999995,0.42755576968193054
-85.0326685,25.6326246,7.5,3.7499999999999996,0.41799691319465637
-85.0315092,25.6890847,5.3999999999999995,2.5499999999999994,0.4116801917552948
-85.0378921,25.6384762,6.6,3.599999999999999,0.3621659576892853
-85.0363642,25.6306804,4.8,2.5499999999999994,0.3370608985424042
-85.0409482,25.6540835,4.2,2.8499999999999996,0.3183012008666992
-85.0355261,25.6784129,4.8,2.5499999999999994,0.29926106333732605
-85.0364877,25.652114,5.7,2.9999999999999996,0.28316745162010193
-85.0354034,25.6569813,5.3999999999999995,2.6999999999999993,0.2797263264656067
-85.0315092,25.6890847,5.3999999999999995,2.5499999999999994,0.27849680185317993
-85.0371281,25.634577,22.8,32.69999999999999,0.27779272198677063
-85.038138,25.6813617,5.3999999999999995,2.5499999999999994,0.27393192052841187
-85.0396657,25.6891761,4.5,2.0999999999999996,0.26595938205718994
-85.0396657,25.6891761,5.7,2.5499999999999994,0.2517882287502289
-85.0351561,25.6141226,82.5,72.44999999999999,0.6709516048431396
-85.0386561,25.6423766,13.5,5.399999999999999,0.5123003721237183
-85.0386561,25.6423766,20.7,5.099999999999999,0.4989453852176666
-85.0337524,25.6277579,9.9,5.099999999999999,0.44884759187698364
-85.036044,25.6394483,12.0,5.699999999999999,0.43406951427459717
-85.0375719,25.6472462,9.299999999999999,4.649999999999999,0.43382972478866577
-85.0415887,25.6365318,13.799999999999999,5.249999999999999,0.4260209798812866
-85.036044,25.6394483,9.6,4.799999999999999,0.42466241121292114
-85.0337524,25.6277579,9.6,2.8499999999999996,0.41659215092658997
-85.0382122,25.6297052,11.7,5.999999999999999,0.41268643736839294
-85.0406277,25.662858,9.0,4.499999999999999,0.4095712900161743
-85.0337524,25.6277579,14.1,2.9999999999999996,0.37545642256736755
-85.0397403,25.6375048,22.2,9.899999999999999,0.37364622950553894
-85.0389762,25.6336046,12.9,3.7499999999999996,0.36138007044792175
-85.0337524,25.6277579,8.7,3.7499999999999996,0.361337274312973
-85.036044,25.6394483,14.1,4.799999999999999,0.3427038788795471
-85.0386561,25.6423766,15.0,3.7499999999999996,0.33753702044487
-85.0337524,25.6277579,13.799999999999999,5.549999999999999,0.337117999792099
-85.0366842,25.6219116,11.7,5.099999999999999,0.33661988377571106
-85.0401841,25.6501801,9.9,4.199999999999999,0.3289934992790222
-85.0412685,25.6453081,16.8,3.8999999999999995,0.32490283250808716
-85.0378921,25.6384762,76.8,11.849999999999998,0.30465438961982727
-85.0383358,25.6511478,10.5,3.4499999999999993,0.29800495505332947
-85.0409482,25.6540835,11.1,3.8999999999999995,0.2912071943283081
-85.0383358,25.6511478,9.299999999999999,2.9999999999999996,0.28666388988494873
-85.0412685,25.6453081,19.8,5.699999999999999,0.2757737636566162
-85.0386561,25.6423766,11.4,3.4499999999999993,0.2741009593009949
-85.0386561,25.6423766,12.0,3.4499999999999993,0.2731740474700928
-85.0375719,25.6472462,15.299999999999999,4.499999999999999,0.26891371607780457
-85.0409482,25.6540835,12.0,3.2999999999999994,0.2659946084022522
-85.0386561,25.6423766,11.7,3.4499999999999993,0.26261091232299805
-85.0383358,25.6511478,12.9,3.2999999999999994,0.2624027729034424
-85.0383358,25.6511478,11.7,2.9999999999999996,0.2612045705318451
-85.0382122,25.6297052,14.7,7.349999999999999,0.25743162631988525
-85.0412685,25.6453081,13.5,3.599999999999999,0.2550206780433655
-85.036044,25.6394483,9.6,5.099999999999999,0.25241661071777344
-85.0382122,25.6297052,10.5,4.499999999999999,0.2507239282131195
-85.0401841,25.6501801,9.6,4.799999999999999,0.25043219327926636
-85.0289733,25.634536,11.4,5.549999999999999,0.7179229855537415
-85.0243177,25.6626627,52.5,22.199999999999996,0.5971229672431946
-85.0288978,25.6861293,19.2,9.899999999999999,0.5903562307357788
-85.0278136,25.6909705,13.2,10.049999999999997,0.5776579976081848
-85.028086,25.6092127,6.6,3.4499999999999993,0.5381309390068054
-85.0276421,25.5965547,7.8,3.8999999999999995,0.5370277166366577
-85.0327918,25.6540462,14.7,5.549999999999999,0.5358411073684692
-85.0268059,25.6442276,6.3,3.1499999999999995,0.48912879824638367
-85.0285298,25.6218733,5.3999999999999995,2.9999999999999996,0.48117750883102417
-85.0268781,25.5926578,5.1,2.5499999999999994,0.4650566875934601
-85.0327918,25.6540462,20.099999999999998,5.099999999999999,0.4537978768348694
-85.028086,25.6092127,4.8,2.6999999999999993,0.4176037907600403
-85.0292934,25.6257796,5.7,2.8499999999999996,0.399850457906723
-85.0321507,25.6715672,12.0,6.149999999999999,0.3784739077091217
-85.0325936,25.6842299,9.6,5.099999999999999,0.37720680236816406
-85.0325936,25.6842299,8.4,3.8999999999999995,0.37245965003967285
-85.0262387,25.6101643,5.1,2.8499999999999996,0.35762274265289307
-85.0325936,25.6842299,13.799999999999999,5.399999999999999,0.35144245624542236
-85.0322246,25.6199662,5.1,2.6999999999999993,0.3494633734226227
-85.0260425,25.64032,6.0,3.1499999999999995,0.34471237659454346
-85.0329143,25.6754696,11.4,2.8499999999999996,0.34119826555252075
-85.0327918,25.6540462,19.2,3.8999999999999995,0.3386102318763733
-85.0337524,25.6277579,47.699999999999996,11.399999999999999,0.32078394293785095
-85.0282098,25.6306285,13.799999999999999,7.049999999999999,0.31697219610214233
-85.0259188,25.6189163,4.5,2.2499999999999996,0.30992916226387024
-85.0322727,25.6929893,13.799999999999999,4.799999999999999,0.292021781206131
-85.0322727,25.6929893,13.5,4.799999999999999,0.2880486845970154
-85.03183,25.6803264,76.2,12.299999999999997,0.2878173887729645
-85.0322727,25.6929893,13.5,4.649999999999999,0.27778226137161255
-85.0321507,25.6715672,16.2,7.349999999999999,0.2734304666519165
-85.0325936,25.6842299,15.299999999999999,4.949999999999999,0.2713036835193634
-85.0322727,25.6929893,12.0,4.199999999999999,0.267927885055542
-85.0327918,25.6540462,12.9,3.2999999999999994,0.2599771320819855
-85.0327918,25.6540462,13.5,3.2999999999999994,0.2584114074707031
-85.0340724,25.6189933,21.3,6.449999999999999,0.2581665813922882
-85.0324713,25.6628071,16.8,3.4499999999999993,0.2552650272846222
-85.0327918,25.6540462,12.299999999999999,3.2999999999999994,0.2551967203617096
-85.0334323,25.6365215,8.4,3.4499999999999993,0.253926545381546
-85.0324713,25.6628071,11.1,3.4499999999999993,0.2519885301589966
-85.0296133,25.6170224,10.2,5.399999999999999,0.6406511664390564
-85.0305725,25.5907453,8.7,4.499999999999999,0.6299993991851807
-85.0287254,25.5917,13.799999999999999,5.399999999999999,0.5829622149467468
-85.0282811,25.5790424,10.5,5.099999999999999,0.5281147360801697
-85.0291695,25.6043601,10.799999999999999,4.799999999999999,0.40797221660614014
-85.027517,25.5751476,16.5,4.049999999999999,0.38946112990379333
-85.0303769,25.6209287,4.5,6.149999999999999,0.3871222734451294
-85.0284058,25.6004568,9.299999999999999,4.799999999999999,0.37232449650764465
-85.0287254,25.5917,9.299999999999999,4.649999999999999,0.36008989810943604
-85.0325444,25.6112038,12.299999999999999,5.549999999999999,0.34980565309524536
-85.0291695,25.6043601,8.7,4.799999999999999,0.3242064416408539
-85.0282811,25.5790424,13.5,3.7499999999999996,0.31424403190612793
-85.0287254,25.5917,14.399999999999999,3.1499999999999995,0.3048425018787384
-85.0284058,25.6004568,7.8,3.2999999999999994,0.2968672513961792
-85.0325444,25.6112038,26.7,6.599999999999999,0.29606103897094727
-85.0291695,25.6043601,9.0,5.549999999999999,0.2883077561855316
-85.0291695,25.6043601,14.1,4.799999999999999,0.27451908588409424
-85.0310166,25.6034094,5.7,2.9999999999999996,0.27414560317993164
-85.0325444,25.6112038,16.8,5.849999999999999,0.2560303211212158
-85.0276421,25.5965547,7.8,2.9999999999999996,0.2551271319389343
-85.0231102,25.6461178,12.6,6.149999999999999,0.5973707437515259
-85.0233046,25.6160013,5.7,2.9999999999999996,0.5603823661804199
-85.0243177,25.6626627,51.6,21.149999999999995,0.5499876737594604
-85.023554,25.6587596,43.5,28.799999999999994,0.540518045425415
-85.0223444,25.6422392,30.9,13.949999999999998,0.5199885964393616
-85.0226646,25.6334941,38.1,23.549999999999997,0.47337016463279724
-85.0263626,25.6315687,11.1,5.099999999999999,0.4675169587135315
-85.0250298,25.5936273,6.0,3.1499999999999995,0.41387292742729187
-85.0273224,25.6053096,11.7,4.049999999999999,0.4066779613494873
-85.0241947,25.6412659,4.5,2.3999999999999995,0.39012962579727173
-85.0220241,25.6509834,6.3,3.1499999999999995,0.3843964636325836
-85.0248349,25.6237686,5.3999999999999995,2.6999999999999993,0.3744561970233917
-85.0263626,25.6315687,17.099999999999998,4.049999999999999,0.34914588928222656
-85.0243904,25.6111277,5.3999999999999995,2.6999999999999993,0.34735018014907837
-85.0254018,25.6578199,8.1,2.9999999999999996,0.34722647070884705
-85.0255988,25.6276673,5.1,2.5499999999999994,0.32603806257247925
-85.0270026,25.6140635,67.2,13.649999999999999,0.3248281478881836
-85.0251549,25.6150187,15.6,7.049999999999999,0.3175303637981415
-85.0254747,25.6062678,3.9,2.0999999999999996,0.30985188484191895
-85.0263626,25.6315687,9.0,4.499999999999999,0.2989335358142853
-85.0215787,25.6383618,6.3,3.1499999999999995,0.2969435155391693
-85.0279616,25.587799,40.199999999999996,16.349999999999994,0.29542049765586853
-85.0212584,25.6471049,6.3,3.2999999999999994,0.2908969223499298
-85.0263626,25.6315687,16.2,3.2999999999999994,0.2859994173049927
-85.0252787,25.6364175,4.2,2.2499999999999996,0.28451308608055115
-85.0245149,25.6325177,4.5,2.2499999999999996,0.28107890486717224
-85.0276421,25.5965547,11.4,2.8499999999999996,0.2677057683467865
-85.0263626,25.6315687,19.2,5.399999999999999,0.263874351978302
-85.0218988,25.6296179,6.8999999999999995,2.9999999999999996,0.262573778629303
-85.0263626,25.6315687,11.1,2.8499999999999996,0.2622078061103821
-85.0250813,25.6665685,12.9,3.2999999999999994,0.26214799284935
-85.0273224,25.6053096,18.0,3.7499999999999996,0.2620585262775421
-85.0273224,25.6053096,13.2,7.049999999999999,0.26164668798446655
-85.0270026,25.6140635,9.9,3.4499999999999993,0.2576083540916443
-85.0270026,25.6140635,10.799999999999999,3.2999999999999994,0.2527087926864624
-85.0266827,25.6228166,12.9,3.2999999999999994,0.2510679364204407
-85.0270026,25.6140635,10.2,3.2999999999999994,0.25061532855033875
-85.0250298,25.5936273,4.2,2.2499999999999996,0.2500981092453003
-85.0265584,25.6014115,11.1,5.849999999999999,0.6166267395019531
-85.0233702,25.5645178,111.89999999999999,111.29999999999998,0.5647842884063721
-85.0256687,25.5761234,15.0,5.399999999999999,0.5361809134483337
-85.027072,25.5625003,8.7,4.499999999999999,0.4721364974975586
-85.0253493,25.5848758,20.099999999999998,4.649999999999999,0.38129183650016785
-85.0278362,25.5663913,12.0,3.599999999999999,0.32926684617996216
-85.0278362,25.5663913,18.9,3.599999999999999,0.31611722707748413
-85.027517,25.5751476,9.6,3.599999999999999,0.30093735456466675
-85.0256687,25.5761234,9.0,4.199999999999999,0.29722699522972107
-85.027517,25.5751476,13.5,3.599999999999999,0.2616497576236725
-85.0253493,25.5848758,16.8,3.8999999999999995,0.25845643877983093
-85.0278362,25.5663913,9.6,2.2499999999999996,0.25259140133857727
-85.0278362,25.5663913,14.1,5.699999999999999,0.25184011459350586
-85.0164155,25.5810972,12.0,5.999999999999999,0.7066895365715027
-85.0152063,25.5645745,7.199999999999999,3.599999999999999,0.6693384051322937
-85.014887,25.5733101,7.5,3.7499999999999996,0.6002601385116577
-85.0153318,25.5859389,7.8,3.8999999999999995,0.5978776812553406
-85.0164155,25.5810972,8.1,4.199999999999999,0.5686783790588379
-85.0156513,25.5772031,15.0,7.499999999999999,0.5306521654129028
-85.0150802,25.5432093,6.3,3.4499999999999993,0.4828074276447296
-85.0138036,25.5781492,7.5,3.599999999999999,0.4715152084827423
-85.0134842,25.5868819,9.9,5.099999999999999,0.4577571153640747
-85.0207522,25.5616722,58.199999999999996,26.549999999999997,0.41220518946647644
-85.0159706,25.5684664,4.5,2.3999999999999995,0.3685433268547058
-85.0150802,25.5432093,5.3999999999999995,2.8499999999999996,0.32963311672210693
-85.0143728,25.6121411,4.8,2.3999999999999995,0.3227521777153015
-85.0166089,25.5509903,7.5,3.7499999999999996,0.315299391746521
-85.0136088,25.6082438,14.399999999999999,7.649999999999999,0.270639032125473
-85.0141229,25.5694155,5.7,2.6999999999999993,0.25020086765289307
-85.0113167,25.5965589,25.8,6.299999999999999,0.2500569224357605
-85.0180111,25.5373993,112.2,95.09999999999998,0.7222440242767334
-85.0164821,25.5296232,11.4,5.099999999999999,0.550254225730896
-85.0169278,25.5422509,11.1,5.099999999999999,0.42249900102615356
-85.0207522,25.5616722,60.0,26.549999999999997,0.4066421091556549
-85.0157178,25.5257341,4.8,2.5499999999999994,0.3582507073879242
-85.0164821,25.5296232,9.9,4.049999999999999,0.3443261682987213
-85.0169278,25.5422509,9.299999999999999,2.8499999999999996,0.34114333987236023
-85.0213902,25.5441798,51.9,27.449999999999996,0.3398445248603821
-85.0164821,25.5296232,15.0,4.199999999999999,0.30449411273002625
-85.0169278,25.5422509,18.3,5.099999999999999,0.26359739899635315
-85.0157178,25.5257341,4.5,2.3999999999999995,0.25519266724586487
-85.0107453,25.5626259,9.0,4.499999999999999,0.6494321823120117
-85.0048769,25.5743555,9.299999999999999,4.799999999999999,0.6264050602912903
-85.0087681,25.5423244,7.5,3.599999999999999,0.6180629730224609
-85.0073648,25.5559155,8.1,4.499999999999999,0.612128734588623
-85.0118294,25.5577669,17.7,8.249999999999998,0.5265181064605713
-85.0118294,25.5577669,6.3,3.1499999999999995,0.5076349377632141
-85.0153991,25.5344722,8.4,2.2499999999999996,0.48091742396354675
-85.0090869,25.5335975,4.8,2.5499999999999994,0.4149331748485565
-85.0144421,25.560681,9.0,2.5499999999999994,0.4035240709781647
-85.0124006,25.5917168,10.2,3.599999999999999,0.372164785861969
-85.0144421,25.560681,11.4,3.1499999999999995,0.35500368475914
-85.012081,25.6004467,68.7,9.749999999999998,0.3258258104324341
-85.0058344,25.5481954,8.4,4.049999999999999,0.3253234326839447
-85.0121485,25.5490357,4.8,2.5499999999999994,0.3204282224178314
-85.0081301,25.5597754,4.8,2.3999999999999995,0.3185851275920868
-85.0121485,25.5490357,4.8,2.3999999999999995,0.3026063144207001
-85.0124006,25.5917168,14.7,3.7499999999999996,0.2929150462150574
-85.0144421,25.560681,12.9,2.5499999999999994,0.2925293743610382
-85.0138036,25.5781492,12.6,4.349999999999999,0.28179776668548584
-85.0138036,25.5781492,12.0,3.8999999999999995,0.27902746200561523
-85.0138036,25.5781492,11.7,4.799999999999999,0.278278112411499
-85.0138036,25.5781492,12.6,3.7499999999999996,0.26855775713920593
-85.0153991,25.5344722,11.4,6.599999999999999,0.26717814803123474
-85.0099799,25.5587666,4.2,2.2499999999999996,0.2650480270385742
-85.0134842,25.5868819,12.6,4.949999999999999,0.26416507363319397
-85.0134842,25.5868819,12.299999999999999,4.199999999999999,0.25952938199043274
-85.0124006,25.5917168,20.099999999999998,3.8999999999999995,0.25641220808029175
-85.0124006,25.5917168,11.1,5.249999999999999,0.2555927336215973
-85.0099137,25.4860991,60.0,70.94999999999999,0.41328123211860657
-85.0103612,25.4986814,4.5,2.0999999999999996,0.3482249975204468
-85.0106794,25.4899502,54.6,55.04999999999999,0.3025681674480438
-85.0153991,25.5344722,18.3,6.749999999999999,0.30025574564933777
-85.0153991,25.5344722,12.0,6.749999999999999,0.2706957459449768
-85.0157178,25.5257341,9.299999999999999,2.2499999999999996,0.25081488490104675
-85.0046228,25.5317562,10.799999999999999,5.249999999999999,0.7510138750076294
-85.0062152,25.4881452,12.9,6.299999999999999,0.7016288042068481
-85.001752,25.4863213,19.2,9.599999999999998,0.6261239647865295
-85.0004784,25.5211829,18.3,9.299999999999997,0.6178278923034668
-85.0011154,25.5037539,9.0,4.649999999999999,0.5881655216217041
-85.0032199,25.5453344,21.9,11.699999999999998,0.5724152326583862
-85.0041762,25.519179,15.899999999999999,7.649999999999999,0.5136687159538269
-85.003666,25.5579123,6.6,3.2999999999999994,0.5122482180595398
-85.0072374,25.53461,9.6,4.499999999999999,0.47834324836730957
-84.9987572,25.5434601,6.3,3.2999999999999994,0.4773160517215729
-85.0055786,25.5055922,5.7,2.9999999999999996,0.4698699116706848
-85.0023272,25.5201827,21.9,14.099999999999998,0.46021896600723267
-85.0062804,25.5607786,11.7,5.099999999999999,0.45062753558158875
-85.0018805,25.5076093,7.199999999999999,3.599999999999999,0.41232216358184814
-85.0034712,25.4640158,24.3,14.249999999999998,0.40209341049194336
-85.0050692,25.5443354,6.6,3.599999999999999,0.40127187967300415
-85.0046842,25.4804412,98.39999999999999,74.24999999999999,0.3983350098133087
-85.0021358,25.5501908,6.0,3.1499999999999995,0.3952045440673828
-85.0030923,25.5240412,15.899999999999999,6.899999999999999,0.37635669112205505
-85.0025172,25.4901745,8.4,4.199999999999999,0.3525317907333374
-85.0072374,25.53461,8.7,4.949999999999999,0.3363027572631836
-85.0049415,25.5230358,9.0,4.799999999999999,0.3312889039516449
-85.0049415,25.5230358,4.8,2.6999999999999993,0.2964480221271515
-85.0062804,25.5607786,9.0,3.599999999999999,0.29282212257385254
-85.0057677,25.475569,31.5,45.74999999999999,0.2867176830768585
-85.0062804,25.5607786,17.099999999999998,5.249999999999999,0.2859671711921692
-85.0091481,25.4822491,57.599999999999994,15.449999999999998,0.5486955046653748
-85.0045546,25.4591442,18.0,5.249999999999999,0.532256007194519
-85.0062152,25.4881452,15.6,7.049999999999999,0.5013068914413452
-85.0066624,25.5007233,10.5,4.649999999999999,0.49632468819618225
-85.002388,25.4688852,18.3,7.949999999999998,0.4904875159263611
-85.0019406,25.456317,21.3,9.749999999999998,0.46989548206329346
-85.0076169,25.4745455,13.5,4.799999999999999,0.4678252339363098
-85.0083825,25.4783967,58.199999999999996,14.099999999999998,0.4482046961784363
-85.0028353,25.4814558,11.7,7.799999999999999,0.44134244322776794
-85.0062152,25.4881452,9.299999999999999,3.8999999999999995,0.43329185247421265
-85.0028353,25.4814558,12.0,10.499999999999998,0.42915067076683044
-85.0062152,25.4881452,10.2,5.249999999999999,0.4248315691947937
-85.0045546,25.4591442,23.4,3.8999999999999995,0.4006021320819855
-85.005897,25.4968691,7.199999999999999,5.849999999999999,0.3741525411605835
-85.0062152,25.4881452,8.4,2.9999999999999996,0.3600432872772217
-85.0076169,25.4745455,12.0,5.999999999999999,0.34610575437545776
-85.0034712,25.4640158,24.3,7.499999999999999,0.3393218219280243
-85.0045546,25.4591442,13.5,5.549999999999999,0.33129364252090454
-85.0016228,25.4650352,47.1,14.249999999999998,0.32764163613319397
-85.0069807,25.4919982,15.0,3.4499999999999993,0.3198857009410858
-85.0057677,25.475569,33.6,42.89999999999999,0.3122711181640625
-85.0045546,25.4591442,24.599999999999998,5.849999999999999,0.2960367202758789
-85.0076169,25.4745455,17.099999999999998,3.7499999999999996,0.295891672372818
-85.005897,25.4968691,15.6,5.549999999999999,0.29069024324417114
-85.0069807,25.4919982,14.1,3.4499999999999993,0.2905867099761963
-85.0045546,25.4591442,22.2,3.1499999999999995,0.2826538681983948
-85.0042367,25.4678666,20.099999999999998,2.5499999999999994,0.2797681391239166
-85.0069807,25.4919982,11.4,3.599999999999999,0.2771947681903839
-85.0042367,25.4678666,24.3,5.399999999999999,0.27547982335090637
-85.0042367,25.4678666,11.1,2.6999999999999993,0.27446988224983215
-85.0072989,25.4832723,12.0,3.599999999999999,0.2663123905658722
-85.0042367,25.4678666,16.2,4.949999999999999,0.2592003047466278
-85.0072989,25.4832723,12.6,3.4499999999999993,0.2584885060787201
-85.0072989,25.4832723,11.4,3.4499999999999993,0.2500407099723816
-84.9950011,25.4728881,16.8,8.249999999999998,0.7299398183822632
-84.9981849,25.5096032,10.2,5.099999999999999,0.6946192383766174
-84.9997758,25.4660404,161.4,65.24999999999999,0.6839350461959839
-84.997421,25.5057387,10.2,5.249999999999999,0.630450427532196
-85.001752,25.4863213,21.9,9.299999999999997,0.5636577606201172
-84.9985033,25.5008924,30.299999999999997,15.599999999999998,0.48640337586402893
-84.9973542,25.4331906,28.799999999999997,17.999999999999996,0.4735250473022461
-84.996784,25.5231555,44.4,23.099999999999994,0.4555363059043884
-84.9962721,25.4380544,6.0,3.1499999999999995,0.4342176914215088
-85.0014338,25.495038,13.5,5.549999999999999,0.4291883707046509
-84.997421,25.5057387,6.6,3.2999999999999994,0.3890075981616974
-85.0001597,25.5298962,10.799999999999999,5.249999999999999,0.38816824555397034
-84.9967191,25.4506131,5.3999999999999995,2.8499999999999996,0.38516566157341003
-85.0006687,25.4911847,20.7,11.099999999999998,0.38060587644577026
-84.9939187,25.4777421,16.8,7.949999999999998,0.357700914144516
-85.001752,25.4863213,9.299999999999999,1.7999999999999996,0.35410788655281067
-85.000797,25.5124688,15.0,4.949999999999999,0.3505738377571106
-85.0004784,25.5211829,21.3,10.049999999999997,0.3497600853443146
-84.9932823,25.4951498,6.6,3.2999999999999994,0.33971741795539856
-85.000797,25.5124688,10.799999999999999,4.049999999999999,0.33429598808288574
-85.0011755,25.4524672,11.4,5.249999999999999,0.31926435232162476
-85.0020701,25.4776037,10.5,1.7999999999999996,0.3121117353439331
-85.0028353,25.4814558,9.299999999999999,1.6499999999999997,0.2989516258239746
-84.9988216,25.4921807,6.3,3.1499999999999995,0.2922500967979431
-85.002388,25.4688852,50.699999999999996,11.399999999999999,0.2873518466949463
-85.0014338,25.495038,22.5,6.749999999999999,0.28306305408477783
-85.002388,25.4688852,72.3,10.049999999999997,0.281033456325531
-85.0004784,25.5211829,12.0,4.649999999999999,0.2800072729587555
-85.0004784,25.5211829,10.2,3.599999999999999,0.2795366942882538
-85.000797,25.5124688,15.6,4.649999999999999,0.2785002589225769
-84.9985033,25.5008924,41.699999999999996,17.999999999999996,0.2779323160648346
-85.0004784,25.5211829,15.899999999999999,5.849999999999999,0.2743624448776245
-85.0004784,25.5211829,14.7,5.249999999999999,0.2705993950366974
-85.0011154,25.5037539,11.7,3.1499999999999995,0.26854607462882996
-85.0014338,25.495038,20.099999999999998,4.499999999999999,0.2667293846607208
-84.9950011,25.4728881,5.1,2.8499999999999996,0.26552778482437134
-85.0027059,25.4601659,18.0,3.7499999999999996,0.26463067531585693
-85.000797,25.5124688,12.6,4.499999999999999,0.2601061761379242
-85.0004784,25.5211829,12.299999999999999,4.649999999999999,0.2541849911212921
-85.0011154,25.5037539,67.2,9.599999999999998,0.253957599401474
-84.9988829,25.4408967,3.5999999999999996,4.199999999999999,0.2517769932746887
-85.0011154,25.5037539,12.6,3.599999999999999,0.25021788477897644
-84.998436,25.4283288,6.8999999999999995,3.2999999999999994,0.517012894153595
-84.9965895,25.4293438,10.2,4.649999999999999,0.46812212467193604
-85.0010464,25.4311744,14.7,18.299999999999997,0.4232218861579895
-85.0033413,25.4427246,12.299999999999999,4.799999999999999,0.4190356731414795
-85.0002821,25.4273197,9.0,4.649999999999999,0.4053279757499695
-84.998436,25.4283288,11.1,5.249999999999999,0.38921093940734863
-85.0022583,25.4475979,10.2,5.399999999999999,0.38663509488105774
-84.997801,25.4457552,9.6,4.799999999999999,0.38543716073036194
-84.9973542,25.4331906,47.699999999999996,15.899999999999997,0.3664644956588745
-85.0010464,25.4311744,11.1,16.799999999999997,0.35165488719940186
-85.0030237,25.4514457,67.5,9.899999999999999,0.30726179480552673
-85.0030237,25.4514457,19.8,4.049999999999999,0.3022904098033905
-85.0010464,25.4311744,22.2,19.199999999999996,0.2999490201473236
-84.9976716,25.4244781,4.5,2.3999999999999995,0.28808391094207764
-85.0016228,25.4650352,16.2,5.249999999999999,0.28546735644340515
-85.0016228,25.4650352,14.1,4.199999999999999,0.28384649753570557
-85.0033413,25.4427246,14.399999999999999,5.849999999999999,0.26663222908973694
-85.002388,25.4688852,73.5,16.949999999999996,0.25910618901252747
-85.0027059,25.4601659,9.9,3.599999999999999,0.2552763819694519
-84.9931531,25.4739042,8.4,4.349999999999999,0.6270394921302795
-84.9924427,25.4188992,44.699999999999996,24.449999999999996,0.5982674956321716
-84.9939754,25.4265477,49.199999999999996,24.599999999999994,0.5375016331672668
-84.9927599,25.4101941,25.2,5.249999999999999,0.5227085947990417
-84.9906669,25.4923404,6.8999999999999995,3.4499999999999993,0.5148500800132751
-84.9939187,25.4777421,10.2,5.549999999999999,0.4816238284111023
-84.9956368,25.455473,9.0,3.2999999999999994,0.4735085964202881
-84.9905371,25.4711116,6.3,3.2999999999999994,0.45530110597610474
-84.9874731,25.4557908,16.5,8.249999999999998,0.4431056082248688
-84.9890049,25.4634542,10.799999999999999,5.399999999999999,0.43388089537620544
-84.9939187,25.4777421,18.599999999999998,7.949999999999998,0.40686434507369995
-84.9943649,25.4902996,9.6,4.649999999999999,0.3544953167438507
-84.9914904,25.4450093,7.199999999999999,3.7499999999999996,0.3362431228160858
-84.9950011,25.4728881,7.8,2.2499999999999996,0.33276933431625366
-84.9962721,25.4380544,10.2,3.2999999999999994,0.3242630362510681
-84.9904607,25.3987314,5.1,8.999999999999998,0.31528326869010925
-84.9903486,25.5010388,5.7,2.9999999999999996,0.301644504070282
-84.9927599,25.4101941,6.3,3.1499999999999995,0.2820635437965393
-84.9896404,25.4460579,10.799999999999999,5.249999999999999,0.27790501713752747
-84.992705,25.4613682,6.0,3.1499999999999995,0.2740757465362549
-84.9939187,25.4777421,4.5,2.5499999999999994,0.26650652289390564
-84.9940466,25.4990041,63.0,10.199999999999998,0.2658456861972809
-84.9939754,25.4265477,47.4,23.399999999999995,0.527810275554657
-84.9918609,25.3851437,9.299999999999999,4.799999999999999,0.43607813119888306
-84.993077,25.4014882,13.2,5.699999999999999,0.42116010189056396
-84.9918609,25.3851437,11.1,4.349999999999999,0.4134501814842224
-84.9969068,25.4206324,9.9,2.6999999999999993,0.3717995285987854
-84.9918609,25.3851437,8.1,3.4499999999999993,0.3572155833244324
-84.991544,25.3938483,64.8,9.449999999999998,0.35683754086494446
-84.9932091,25.4227221,55.8,10.499999999999998,0.3271031975746155
-84.9907776,25.3900288,71.39999999999999,43.349999999999994,0.31865575909614563
-84.9924427,25.4188992,10.5,3.8999999999999995,0.31644025444984436
-84.9969068,25.4206324,16.8,3.2999999999999994,0.2999059855937958
-84.991544,25.3938483,14.1,5.249999999999999,0.2961218059062958
-84.9965895,25.4293438,12.6,6.599999999999999,0.28594478964805603
-84.9962721,25.4380544,39.6,8.099999999999998,0.28370600938796997
-84.9969068,25.4206324,22.5,3.4499999999999993,0.266419380903244
-84.9950589,25.4216669,8.4,4.649999999999999,0.2555525600910187
-84.993077,25.4014882,11.4,3.8999999999999995,0.2553340196609497
-84.9863899,25.4606374,8.7,4.499999999999999,0.5570428371429443
-84.9885567,25.4509293,11.1,5.549999999999999,0.42872923612594604
-84.9812178,25.4038374,12.6,2.5499999999999994,0.4211748242378235
-84.9826925,25.4626322,12.6,10.649999999999999,0.41508886218070984
-84.9817971,25.4375681,6.6,3.599999999999999,0.3883045017719269
-84.9814795,25.4462542,19.8,8.549999999999997,0.3602030873298645
-84.9853632,25.4143346,36.0,14.099999999999998,0.3389350473880768
-84.9849146,25.4018019,8.4,4.049999999999999,0.3335740864276886
-84.9812178,25.4038374,20.099999999999998,3.1499999999999995,0.28696131706237793
-84.9821146,25.4288811,7.8,3.599999999999999,0.2793514132499695
-84.9885567,25.4509293,16.2,6.449999999999999,0.27480095624923706
-84.9882389,25.4596259,70.5,10.799999999999997,0.2743764817714691
-84.9850994,25.3718828,24.0,23.399999999999995,0.25243809819221497
-84.9877137,25.3746916,81.3,63.29999999999999,0.8008086085319519
-84.9852316,25.3931085,9.0,6.449999999999999,0.6674600839614868
-84.9900114,25.3862025,62.699999999999996,29.399999999999995,0.4737620949745178
-84.9861818,25.3670228,12.9,4.349999999999999,0.4574844539165497
-84.98465,25.359354,75.3,68.69999999999999,0.4040958881378174
-84.9884797,25.3785272,72.3,40.79999999999999,0.3290291428565979
-84.9861818,25.3670228,18.9,3.599999999999999,0.3266063928604126
-84.9861818,25.3670228,11.4,5.249999999999999,0.3248295783996582
-84.98465,25.359354,75.0,38.39999999999999,0.25924548506736755
-84.9858652,25.3757189,54.6,9.749999999999998,0.25453484058380127
-84.9787345,25.4222343,9.0,4.649999999999999,0.7095921635627747
-84.9784709,25.379852,10.799999999999999,5.549999999999999,0.7039991021156311
-84.9768857,25.4232585,9.6,4.799999999999999,0.6768777370452881
-84.9783381,25.3586626,8.1,4.349999999999999,0.6567461490631104
-84.9789199,25.3923602,7.5,3.7499999999999996,0.6123532056808472
-84.9812178,25.4038374,15.6,7.949999999999998,0.6003286838531494
-84.9797369,25.3451112,9.0,4.349999999999999,0.5352293848991394
-84.9787875,25.3711681,6.6,3.2999999999999994,0.5301845073699951
-84.9768056,25.3510341,5.7,3.1499999999999995,0.5098563432693481
-84.9784709,25.379852,9.9,4.949999999999999,0.5032266974449158
-84.9780996,25.439597,6.0,3.2999999999999994,0.501580536365509
-84.9770713,25.3933921,7.5,3.599999999999999,0.46277838945388794
-84.9792368,25.3836761,5.3999999999999995,2.8499999999999996,0.4307491183280945
-84.9769388,25.3722108,6.0,3.2999999999999994,0.3821192681789398
-84.9814795,25.4462542,18.0,8.099999999999998,0.37547123432159424
-84.9818517,25.3864617,8.7,5.399999999999999,0.36949989199638367
-84.9812693,25.3527491,10.2,7.199999999999998,0.3456961214542389
-84.9806363,25.3701256,6.6,3.2999999999999994,0.32963991165161133
-84.9817971,25.4375681,7.199999999999999,3.7499999999999996,0.293967604637146
-84.9791829,25.4347452,4.8,2.2499999999999996,0.27482476830482483
-84.9781541,25.388535,4.5,2.3999999999999995,0.26397669315338135
-84.9803196,25.3788125,3.9,2.0999999999999996,0.25792908668518066
-84.9818517,25.3864617,16.2,5.999999999999999,0.2550305426120758
-84.9808193,25.3402425,10.799999999999999,5.249999999999999,0.7424206137657166
-84.9791041,25.3624833,10.799999999999999,5.699999999999999,0.6350541710853577
-84.9809528,25.3614378,12.299999999999999,4.949999999999999,0.5395514965057373
-84.9769877,25.3211767,7.5,3.8999999999999995,0.49773550033569336
-84.9786545,25.3499781,9.6,4.799999999999999,0.495608389377594
-84.9809528,25.3614378,18.3,4.949999999999999,0.49228817224502563
-84.983118,25.3517,46.8,16.349999999999994,0.485775351524353
-84.9782045,25.3374788,12.9,6.149999999999999,0.4755370020866394
-84.9815856,25.3440596,12.299999999999999,4.799999999999999,0.44868502020835876
-84.9811354,25.3315532,7.8,8.099999999999998,0.4412921965122223
-84.983884,25.3555264,62.4,13.499999999999998,0.4380777180194855
-84.9820355,25.3565684,8.4,4.199999999999999,0.43056246638298035
-84.9800531,25.3364239,10.799999999999999,4.949999999999999,0.42123648524284363
-84.9815856,25.3440596,19.2,4.199999999999999,0.39772528409957886
-84.9809528,25.3614378,20.4,4.199999999999999,0.35750851035118103
-84.9812693,25.3527491,9.6,3.4499999999999993,0.3464395999908447
-84.9815856,25.3440596,20.7,4.049999999999999,0.3302987813949585
-84.9808193,25.3402425,5.7,2.6999999999999993,0.3156884014606476
-84.9777542,25.3249846,6.8999999999999995,3.599999999999999,0.28479915857315063
-84.9794206,25.3537977,12.0,4.199999999999999,0.2805798351764679
-84.9809528,25.3614378,15.6,3.7499999999999996,0.27454185485839844
-84.9815856,25.3440596,17.099999999999998,3.7499999999999996,0.27286991477012634
-84.9782045,25.3374788,18.9,6.149999999999999,0.2654552459716797
-84.9800531,25.3364239,13.5,4.199999999999999,0.2651813328266144
-84.9797369,25.3451112,57.599999999999994,10.049999999999997,0.26137468218803406
-84.9812693,25.3527491,10.5,3.1499999999999995,0.25954651832580566
-84.9815856,25.3440596,12.0,3.599999999999999,0.2585354447364807
-84.9812693,25.3527491,14.1,3.2999999999999994,0.257766455411911
-84.9815856,25.3440596,12.0,3.599999999999999,0.2550681531429291
-84.9736904,25.3868012,10.2,4.499999999999999,0.6351324319839478
-84.9699931,25.3888939,9.6,4.049999999999999,0.6178886890411377
-84.9734246,25.3444748,19.5,10.649999999999999,0.5924267172813416
-84.9699107,25.3167782,11.7,6.149999999999999,0.5805329084396362
-84.9725243,25.3195115,82.5,106.79999999999998,0.5650612115859985
-84.9683297,25.3601279,20.4,6.299999999999999,0.5379552245140076
-84.9698608,25.3677453,8.4,3.7499999999999996,0.5204068422317505
-84.9698608,25.3677453,6.8999999999999995,3.599999999999999,0.4906582832336426
-84.9748231,25.3309258,8.1,4.349999999999999,0.43949028849601746
-84.9714422,25.3243846,6.6,3.599999999999999,0.3919332027435303
-84.9684616,25.3812744,7.199999999999999,3.2999999999999994,0.3666078746318817
-84.9774381,25.3336686,12.0,4.649999999999999,0.36636415123939514
-84.9681448,25.3899412,5.3999999999999995,2.8499999999999996,0.34837251901626587
-84.9717582,25.3157099,65.1,86.69999999999999,0.32374730706214905
-84.9759055,25.3260522,11.7,6.299999999999999,0.5620883703231812
-84.9713078,25.303235,15.0,4.049999999999999,0.5208335518836975
-84.974507,25.3396048,8.4,4.649999999999999,0.4856601059436798
-84.9746887,25.3097612,53.4,103.79999999999998,0.46187758445739746
-84.9774381,25.3336686,12.6,4.499999999999999,0.4379711151123047
-84.9713078,25.303235,9.9,5.399999999999999,0.4370752274990082
-84.9713078,25.303235,14.399999999999999,5.399999999999999,0.41220054030418396
-84.9766717,25.3298597,6.3,3.4499999999999993,0.40190887451171875
-84.970992,25.3119095,21.599999999999998,2.9999999999999996,0.39052313566207886
-84.9717582,25.3157099,12.299999999999999,4.049999999999999,0.3855200409889221
-84.9717582,25.3157099,11.4,5.399999999999999,0.3842669129371643
-84.9740569,25.3271197,57.9,9.149999999999999,0.3404559791088104
-84.9777542,25.3249846,33.3,9.899999999999999,0.31226488947868347
-84.9713078,25.303235,20.7,5.549999999999999,0.30799657106399536
-84.970992,25.3119095,18.9,2.8499999999999996,0.3019876778125763
-84.9717582,25.3157099,20.7,5.549999999999999,0.3001655042171478
-84.974507,25.3396048,8.7,4.499999999999999,0.29520535469055176
-84.9717582,25.3157099,11.4,4.949999999999999,0.2915200889110565
-84.9717582,25.3157099,15.899999999999999,3.4499999999999993,0.2895437777042389
-84.9713078,25.303235,7.199999999999999,4.649999999999999,0.2869427502155304
-84.9751392,25.3222458,12.0,2.6999999999999993,0.2846643328666687
-84.9717582,25.3157099,16.2,5.549999999999999,0.2705111801624298
-84.9759055,25.3260522,16.5,5.999999999999999,0.2675800621509552
-84.969777,25.2956287,20.099999999999998,3.1499999999999995,0.2650066018104553
-84.970992,25.3119095,12.9,3.1499999999999995,0.25590211153030396
-84.9637396,25.3372837,15.6,7.649999999999999,0.6511807441711426
-84.9678812,25.3476496,8.1,4.199999999999999,0.6319635510444641
-84.9688296,25.321643,9.6,5.099999999999999,0.6236486434936523
-84.9658502,25.3784998,12.0,13.199999999999998,0.5259538888931274
-84.9638722,25.3584085,15.6,7.799999999999999,0.5195143222808838
-84.9634234,25.3459446,14.1,7.499999999999999,0.4817858636379242
-84.9626578,25.342145,7.8,4.049999999999999,0.45118284225463867
-84.9687783,25.3726068,9.9,4.199999999999999,0.4446541965007782
-84.9687783,25.3726068,13.799999999999999,4.499999999999999,0.41145020723342896
-84.9686462,25.3514597,11.1,5.399999999999999,0.34277215600013733
-84.9684616,25.3812744,14.399999999999999,4.349999999999999,0.3296263813972473
-84.9713078,25.303235,17.4,3.4499999999999993,0.3287075459957123
-84.9687783,25.3726068,19.2,4.499999999999999,0.32423803210258484
-84.970992,25.3119095,62.4,13.049999999999997,0.3164987862110138
-84.9637396,25.3372837,28.799999999999997,8.399999999999999,0.31521284580230713
-84.9681448,25.3899412,16.5,3.2999999999999994,0.3111562132835388
-84.9681448,25.3899412,14.1,2.3999999999999995,0.3108711242675781
-84.9684616,25.3812744,15.6,3.8999999999999995,0.3108106553554535
-84.9694613,25.304301,5.1,2.5499999999999994,0.30901098251342773
-84.9686462,25.3514597,10.2,4.649999999999999,0.3085019290447235
-84.970992,25.3119095,65.1,17.399999999999995,0.30137398838996887
-84.9687783,25.3726068,17.4,4.349999999999999,0.29058051109313965
-84.9684616,25.3812744,14.399999999999999,4.199999999999999,0.2853741943836212
-84.9684616,25.3812744,11.7,4.199999999999999,0.2777651846408844
-84.9684616,25.3812744,13.5,4.199999999999999,0.27620887756347656
-84.9661669,25.3698362,5.3999999999999995,2.6999999999999993,0.2744845151901245
-84.9684616,25.3812744,12.299999999999999,4.199999999999999,0.27369844913482666
-84.970992,25.3119095,46.5,11.549999999999997,0.26510390639305115
-84.9684616,25.3812744,11.4,4.199999999999999,0.26008111238479614
-84.9650476,25.2517259,11.7,7.949999999999998,0.382033109664917
-84.9702265,25.3081056,12.6,3.599999999999999,0.3441444933414459
-84.9702265,25.3081056,10.799999999999999,3.599999999999999,0.30732062458992004
-84.9705423,25.2994323,9.0,2.2499999999999996,0.2928624451160431
-84.9705423,25.2994323,10.799999999999999,2.3999999999999995,0.26504582166671753
-84.9702265,25.3081056,11.1,3.2999999999999994,0.2613469958305359
-84.9694613,25.304301,12.0,4.799999999999999,0.25884121656417847
-84.9708579,25.290758,9.6,4.949999999999999,0.2570096254348755
-84.9654993,25.2641761,3.3,1.6499999999999997,0.5482585430145264
-84.9650476,25.2517259,6.6,4.949999999999999,0.5123388767242432
-84.9650476,25.2517259,11.1,6.449999999999999,0.43900418281555176
-84.9648687,25.2815085,3.0,1.6499999999999997,0.35826748609542847
-84.9650476,25.2517259,9.0,1.1999999999999997,0.35815563797950745
-84.965184,25.2728427,3.3,1.4999999999999998,0.34911075234413147
-84.9647325,25.2603923,2.6999999999999997,1.4999999999999998,0.301323264837265
-84.9658144,25.2555087,7.8,2.8499999999999996,0.29041337966918945
-84.9658144,25.2555087,18.3,3.599999999999999,0.283732533454895
-84.9650476,25.2517259,9.299999999999999,1.0499999999999998,0.2625160813331604
